﻿<?xml version="1.0" encoding="utf-8"?>
<HelpKI>
  <HelpKINode Title="AddCar method" Url="html/57751b76-0b36-e4e4-82d2-0a5ff9fd51fb.htm" />
  <HelpKINode Title="Address property" Url="html/a1790907-2bff-5037-5318-691a8d3c8b1e.htm" />
  <HelpKINode Title="BusinessNumber property" Url="html/534521be-cbca-a5c5-af62-a8235c37b7cf.htm" />
  <HelpKINode Title="Car class">
    <HelpKINode Title="Car Class" Url="html/b6fb4bac-ab37-2066-cf7a-8af8af92213a.htm" />
    <HelpKINode Title="constructor" Url="html/71f0964f-71aa-5c44-9070-56f364ace248.htm" />
    <HelpKINode Title="methods" Url="html/53499e97-da26-4b8a-d040-8711657c0047.htm" />
    <HelpKINode Title="properties" Url="html/9d070f3f-e9d4-165d-7c2f-507457a57156.htm" />
  </HelpKINode>
  <HelpKINode Title="Car.Car constructor" Url="html/71f0964f-71aa-5c44-9070-56f364ace248.htm" />
  <HelpKINode Title="Car.CarType property" Url="html/56f9f5ca-3581-d3df-7626-d1c79cabf2c1.htm" />
  <HelpKINode Title="Car.LicensePlateNo property" Url="html/b688ed90-1f60-2220-f8bf-0a847ebda081.htm" />
  <HelpKINode Title="Car.Make property" Url="html/fa40dbbb-4741-3202-2227-81257662ae27.htm" />
  <HelpKINode Title="Car.PurchasePrice property" Url="html/37462971-4548-aa96-a50d-11eb78046e56.htm" />
  <HelpKINode Title="Cars property" Url="html/fcfdfcca-7e45-9a7d-6f7a-8e2ecd5c61fc.htm" />
  <HelpKINode Title="CarType enumeration" Url="html/f840ea4c-e4c4-fca6-5143-d542227a94b1.htm" />
  <HelpKINode Title="CarType property" Url="html/56f9f5ca-3581-d3df-7626-d1c79cabf2c1.htm" />
  <HelpKINode Title="Dealership class">
    <HelpKINode Title="Dealership Class" Url="html/27fac41c-6296-c2dd-3b37-642bb47b63c7.htm" />
    <HelpKINode Title="constructor" Url="html/6aa0e43d-e8d9-2e34-74d2-b5d25c87f3c1.htm" />
    <HelpKINode Title="methods" Url="html/0777c086-81c1-23b5-98d0-c6d0db6e47bd.htm" />
    <HelpKINode Title="properties" Url="html/848c08f9-5c12-047c-b144-8c20c9a473fc.htm" />
  </HelpKINode>
  <HelpKINode Title="Dealership.AddCar method" Url="html/57751b76-0b36-e4e4-82d2-0a5ff9fd51fb.htm" />
  <HelpKINode Title="Dealership.Address property" Url="html/a1790907-2bff-5037-5318-691a8d3c8b1e.htm" />
  <HelpKINode Title="Dealership.BusinessNumber property" Url="html/534521be-cbca-a5c5-af62-a8235c37b7cf.htm" />
  <HelpKINode Title="Dealership.Cars property" Url="html/fcfdfcca-7e45-9a7d-6f7a-8e2ecd5c61fc.htm" />
  <HelpKINode Title="Dealership.Dealership constructor" Url="html/6aa0e43d-e8d9-2e34-74d2-b5d25c87f3c1.htm" />
  <HelpKINode Title="Dealership.Email property" Url="html/02793807-b6c4-5fdd-f3b9-713503869bf9.htm" />
  <HelpKINode Title="Dealership.FindCarByLicensePlateNo method" Url="html/9fe6fe07-8d4c-4401-77e6-628010235bdb.htm" />
  <HelpKINode Title="Dealership.GetCarsByCarType method" Url="html/6328799e-cdee-c6a9-fe4e-ae764ac0e0af.htm" />
  <HelpKINode Title="Dealership.Name property" Url="html/b00318c0-719b-c623-5d19-adc10eedfe0e.htm" />
  <HelpKINode Title="Dealership.Phone property" Url="html/2139b2b7-8316-0384-ad64-b520ee8d3bd2.htm" />
  <HelpKINode Title="Email property" Url="html/02793807-b6c4-5fdd-f3b9-713503869bf9.htm" />
  <HelpKINode Title="FindCarByLicensePlateNo method" Url="html/9fe6fe07-8d4c-4401-77e6-628010235bdb.htm" />
  <HelpKINode Title="GetCarsByCarType method" Url="html/6328799e-cdee-c6a9-fe4e-ae764ac0e0af.htm" />
  <HelpKINode Title="Hatchback enumeration member" Url="html/f840ea4c-e4c4-fca6-5143-d542227a94b1.htm" />
  <HelpKINode Title="InsuranceDepreciation property" Url="html/3785031b-4d64-de4d-55f1-f5039d4718f3.htm" />
  <HelpKINode Title="LicensePlateNo property" Url="html/b688ed90-1f60-2220-f8bf-0a847ebda081.htm" />
  <HelpKINode Title="Make property" Url="html/fa40dbbb-4741-3202-2227-81257662ae27.htm" />
  <HelpKINode Title="Mileage property" Url="html/d35b0824-41f7-290c-68ca-f3712a1e38dc.htm" />
  <HelpKINode Title="Model property" Url="html/988332dd-d498-4ee5-e3c9-cff7935dd17b.htm" />
  <HelpKINode Title="MPV enumeration member" Url="html/f840ea4c-e4c4-fca6-5143-d542227a94b1.htm" />
  <HelpKINode Title="Name property" Url="html/b00318c0-719b-c623-5d19-adc10eedfe0e.htm" />
  <HelpKINode Title="NewCar class">
    <HelpKINode Title="NewCar Class" Url="html/e2b3c874-fe14-edeb-6afb-da00f905d7b8.htm" />
    <HelpKINode Title="constructor" Url="html/2fab2181-b3e6-a59b-050a-9b436644e6a9.htm" />
    <HelpKINode Title="methods" Url="html/eefb2217-4fc3-ada7-8e2c-1f9a13f117fb.htm" />
    <HelpKINode Title="properties" Url="html/82d360a4-e3e6-3749-e417-b34347425950.htm" />
  </HelpKINode>
  <HelpKINode Title="NewCar.NewCar constructor" Url="html/2fab2181-b3e6-a59b-050a-9b436644e6a9.htm" />
  <HelpKINode Title="Phone property" Url="html/2139b2b7-8316-0384-ad64-b520ee8d3bd2.htm" />
  <HelpKINode Title="PurchasePrice property" Url="html/37462971-4548-aa96-a50d-11eb78046e56.htm" />
  <HelpKINode Title="QuynhDinh_BusinessLogic.Model namespace" Url="html/6e82a99a-e221-0ccf-7912-f2acf9b81ae0.htm" />
  <HelpKINode Title="QuynhDinh_BusinessLogic.Model.Car class" Url="html/b6fb4bac-ab37-2066-cf7a-8af8af92213a.htm" />
  <HelpKINode Title="QuynhDinh_BusinessLogic.Model.CarType enumeration" Url="html/f840ea4c-e4c4-fca6-5143-d542227a94b1.htm" />
  <HelpKINode Title="QuynhDinh_BusinessLogic.Model.Dealership class" Url="html/27fac41c-6296-c2dd-3b37-642bb47b63c7.htm" />
  <HelpKINode Title="QuynhDinh_BusinessLogic.Model.NewCar class" Url="html/e2b3c874-fe14-edeb-6afb-da00f905d7b8.htm" />
  <HelpKINode Title="QuynhDinh_BusinessLogic.Model.UsedCar class" Url="html/c32f714f-8d01-5539-b763-da1381fb583c.htm" />
  <HelpKINode Title="Sedan enumeration member" Url="html/f840ea4c-e4c4-fca6-5143-d542227a94b1.htm" />
  <HelpKINode Title="TotalDepreciation property" Url="html/ec63273b-427d-3db9-ec93-40b289f0f6e1.htm" />
  <HelpKINode Title="UsedCar class">
    <HelpKINode Title="UsedCar Class" Url="html/c32f714f-8d01-5539-b763-da1381fb583c.htm" />
    <HelpKINode Title="constructor" Url="html/59211efd-bf0c-faac-de6a-b4382be716fe.htm" />
    <HelpKINode Title="methods" Url="html/34c94045-afe9-93ac-0c84-9a6c72970f4f.htm" />
    <HelpKINode Title="properties" Url="html/04053be7-c7ab-0114-7a22-05f10789becd.htm" />
  </HelpKINode>
  <HelpKINode Title="UsedCar.InsuranceDepreciation property" Url="html/3785031b-4d64-de4d-55f1-f5039d4718f3.htm" />
  <HelpKINode Title="UsedCar.Mileage property" Url="html/d35b0824-41f7-290c-68ca-f3712a1e38dc.htm" />
  <HelpKINode Title="UsedCar.Model property" Url="html/988332dd-d498-4ee5-e3c9-cff7935dd17b.htm" />
  <HelpKINode Title="UsedCar.TotalDepreciation property" Url="html/ec63273b-427d-3db9-ec93-40b289f0f6e1.htm" />
  <HelpKINode Title="UsedCar.UsedCar constructor" Url="html/59211efd-bf0c-faac-de6a-b4382be716fe.htm" />
  <HelpKINode Title="version">
    <HelpKINode Title="1.0.0.0" Url="html/97c838b7-3379-4647-ba56-6523c9ee9157.htm" />
    <HelpKINode Title="history" Url="html/ee5b74d2-ace4-44f7-9a84-473697adaf41.htm" />
  </HelpKINode>
  <HelpKINode Title="Welcome" Url="html/77e88551-1926-43d8-86a7-47b9cfc9ac0e.htm" />
</HelpKI>
