﻿<?xml version="1.0" encoding="utf-8"?>
<HelpTOC>

  <HelpTOCNode Title="Car Management" Url="html/77e88551-1926-43d8-86a7-47b9cfc9ac0e.htm" />
  <HelpTOCNode Id="360a164b-5e4c-4ea1-9134-625d472d06f3" Title="Version History" Url="html/ee5b74d2-ace4-44f7-9a84-473697adaf41.htm">
    <HelpTOCNode Title="Version 1.0.0.0" Url="html/97c838b7-3379-4647-ba56-6523c9ee9157.htm" />
  </HelpTOCNode>
  <HelpTOCNode Id="df2f74c1-3acd-4080-a3e3-ed45516764f2" Title="QuynhDinh_BusinessLogic.Model" Url="html/6e82a99a-e221-0ccf-7912-f2acf9b81ae0.htm">
    <HelpTOCNode Id="d4e8950a-3e32-481a-89ae-2311b1607211" Title="Car Class" Url="html/b6fb4bac-ab37-2066-cf7a-8af8af92213a.htm">
      <HelpTOCNode Title="Car Constructor " Url="html/71f0964f-71aa-5c44-9070-56f364ace248.htm" />
      <HelpTOCNode Id="f506d825-ff32-4528-a5c1-617cfd65e7dc" Title="Car Properties" Url="html/9d070f3f-e9d4-165d-7c2f-507457a57156.htm">
        <HelpTOCNode Title="CarType Property " Url="html/56f9f5ca-3581-d3df-7626-d1c79cabf2c1.htm" />
        <HelpTOCNode Title="LicensePlateNo Property " Url="html/b688ed90-1f60-2220-f8bf-0a847ebda081.htm" />
        <HelpTOCNode Title="Make Property " Url="html/fa40dbbb-4741-3202-2227-81257662ae27.htm" />
        <HelpTOCNode Title="PurchasePrice Property " Url="html/37462971-4548-aa96-a50d-11eb78046e56.htm" />
      </HelpTOCNode>
      <HelpTOCNode Title="Car Methods" Url="html/53499e97-da26-4b8a-d040-8711657c0047.htm" />
    </HelpTOCNode>
    <HelpTOCNode Title="CarType Enumeration" Url="html/f840ea4c-e4c4-fca6-5143-d542227a94b1.htm" />
    <HelpTOCNode Id="8bab3bca-cc20-4a76-ab40-14a83dad54af" Title="Dealership Class" Url="html/27fac41c-6296-c2dd-3b37-642bb47b63c7.htm">
      <HelpTOCNode Title="Dealership Constructor " Url="html/6aa0e43d-e8d9-2e34-74d2-b5d25c87f3c1.htm" />
      <HelpTOCNode Id="16dfb0a0-64e2-45bb-bcd2-35154368ef31" Title="Dealership Properties" Url="html/848c08f9-5c12-047c-b144-8c20c9a473fc.htm">
        <HelpTOCNode Title="Address Property " Url="html/a1790907-2bff-5037-5318-691a8d3c8b1e.htm" />
        <HelpTOCNode Title="BusinessNumber Property " Url="html/534521be-cbca-a5c5-af62-a8235c37b7cf.htm" />
        <HelpTOCNode Title="Cars Property " Url="html/fcfdfcca-7e45-9a7d-6f7a-8e2ecd5c61fc.htm" />
        <HelpTOCNode Title="Email Property " Url="html/02793807-b6c4-5fdd-f3b9-713503869bf9.htm" />
        <HelpTOCNode Title="Name Property " Url="html/b00318c0-719b-c623-5d19-adc10eedfe0e.htm" />
        <HelpTOCNode Title="Phone Property " Url="html/2139b2b7-8316-0384-ad64-b520ee8d3bd2.htm" />
      </HelpTOCNode>
      <HelpTOCNode Id="a46e0b31-fd3d-4467-9840-631fbb61580d" Title="Dealership Methods" Url="html/0777c086-81c1-23b5-98d0-c6d0db6e47bd.htm">
        <HelpTOCNode Title="AddCar Method " Url="html/57751b76-0b36-e4e4-82d2-0a5ff9fd51fb.htm" />
        <HelpTOCNode Title="FindCarByLicensePlateNo Method " Url="html/9fe6fe07-8d4c-4401-77e6-628010235bdb.htm" />
        <HelpTOCNode Title="GetCarsByCarType Method " Url="html/6328799e-cdee-c6a9-fe4e-ae764ac0e0af.htm" />
      </HelpTOCNode>
    </HelpTOCNode>
    <HelpTOCNode Id="b193f251-6ab1-461f-87be-1779ba20eff1" Title="NewCar Class" Url="html/e2b3c874-fe14-edeb-6afb-da00f905d7b8.htm">
      <HelpTOCNode Title="NewCar Constructor " Url="html/2fab2181-b3e6-a59b-050a-9b436644e6a9.htm" />
      <HelpTOCNode Title="NewCar Properties" Url="html/82d360a4-e3e6-3749-e417-b34347425950.htm" />
      <HelpTOCNode Title="NewCar Methods" Url="html/eefb2217-4fc3-ada7-8e2c-1f9a13f117fb.htm" />
    </HelpTOCNode>
    <HelpTOCNode Id="78061009-0712-43a2-adcf-252f4ae90680" Title="UsedCar Class" Url="html/c32f714f-8d01-5539-b763-da1381fb583c.htm">
      <HelpTOCNode Title="UsedCar Constructor " Url="html/59211efd-bf0c-faac-de6a-b4382be716fe.htm" />
      <HelpTOCNode Id="47459e9b-6a5d-42c6-968c-1b7dfc723bb3" Title="UsedCar Properties" Url="html/04053be7-c7ab-0114-7a22-05f10789becd.htm">
        <HelpTOCNode Title="InsuranceDepreciation Property " Url="html/3785031b-4d64-de4d-55f1-f5039d4718f3.htm" />
        <HelpTOCNode Title="Mileage Property " Url="html/d35b0824-41f7-290c-68ca-f3712a1e38dc.htm" />
        <HelpTOCNode Title="Model Property " Url="html/988332dd-d498-4ee5-e3c9-cff7935dd17b.htm" />
        <HelpTOCNode Title="TotalDepreciation Property " Url="html/ec63273b-427d-3db9-ec93-40b289f0f6e1.htm" />
      </HelpTOCNode>
      <HelpTOCNode Title="UsedCar Methods" Url="html/34c94045-afe9-93ac-0c84-9a6c72970f4f.htm" />
    </HelpTOCNode>
  </HelpTOCNode>
</HelpTOC>
